name,path
Carousel,https://content.da.live/sayurihanki/usmccsmymcx/.da/library/blocks/carousel
Columns Cell,https://content.da.live/sayurihanki/usmccsmymcx/.da/library/blocks/columns-cell
Fragment,https://content.da.live/sayurihanki/usmccsmymcx/.da/library/blocks/fragment
Targeted Block,https://content.da.live/sayurihanki/usmccsmymcx/.da/library/blocks/targeted-block
Circle Carousel,https://content.da.live/sayurihanki/usmccsmymcx/.da/library/blocks/circle-carousel
Hero CTA,https://content.da.live/sayurihanki/usmccsmymcx/.da/library/blocks/hero-cta
Newsletter,https://content.da.live/sayurihanki/usmccsmymcx/.da/library/blocks/newsletter
Promotional Hero,https://content.da.live/sayurihanki/usmccsmymcx/.da/library/blocks/promotional-hero
Search Bar,https://content.da.live/sayurihanki/usmccsmymcx/.da/library/blocks/search-bar
Store Locator,https://content.da.live/sayurihanki/usmccsmymcx/.da/library/blocks/store-locator
Top Banner,https://content.da.live/sayurihanki/usmccsmymcx/.da/library/blocks/top-banner
Accordion,https://content.da.live/sayurihanki/usmccsmymcx/.da/library/blocks/accordion
Age Gate,https://content.da.live/sayurihanki/usmccsmymcx/.da/library/blocks/age-gate
Age Verification,https://content.da.live/sayurihanki/usmccsmymcx/.da/library/blocks/age-verification
Blog Post,https://content.da.live/sayurihanki/usmccsmymcx/.da/library/blocks/blog-post
Cards,https://content.da.live/sayurihanki/usmccsmymcx/.da/library/blocks/cards
Cards List,https://content.da.live/sayurihanki/usmccsmymcx/.da/library/blocks/cards-list
Columns,https://content.da.live/sayurihanki/usmccsmymcx/.da/library/blocks/columns
Commerce Account Header,https://content.da.live/sayurihanki/usmccsmymcx/.da/library/blocks/commerce-account-header
Commerce Account Sidebar,https://content.da.live/sayurihanki/usmccsmymcx/.da/library/blocks/commerce-account-sidebar
Commerce Addresses,https://content.da.live/sayurihanki/usmccsmymcx/.da/library/blocks/commerce-addresses
Commerce Cart,https://content.da.live/sayurihanki/usmccsmymcx/.da/library/blocks/commerce-cart
Commerce Checkout,https://content.da.live/sayurihanki/usmccsmymcx/.da/library/blocks/commerce-checkout
Commerce Checkout Success,https://content.da.live/sayurihanki/usmccsmymcx/.da/library/blocks/commerce-checkout-success
Commerce Confirm Account,https://content.da.live/sayurihanki/usmccsmymcx/.da/library/blocks/commerce-confirm-account
Commerce Create Account,https://content.da.live/sayurihanki/usmccsmymcx/.da/library/blocks/commerce-create-account
Commerce Create Password,https://content.da.live/sayurihanki/usmccsmymcx/.da/library/blocks/commerce-create-password
Commerce Create Return,https://content.da.live/sayurihanki/usmccsmymcx/.da/library/blocks/commerce-create-return
Commerce Customer Details,https://content.da.live/sayurihanki/usmccsmymcx/.da/library/blocks/commerce-customer-details
Commerce Customer Information,https://content.da.live/sayurihanki/usmccsmymcx/.da/library/blocks/commerce-customer-information
Commerce Forgot Password,https://content.da.live/sayurihanki/usmccsmymcx/.da/library/blocks/commerce-forgot-password
Commerce Gift Options,https://content.da.live/sayurihanki/usmccsmymcx/.da/library/blocks/commerce-gift-options
Commerce Login,https://content.da.live/sayurihanki/usmccsmymcx/.da/library/blocks/commerce-login
Commerce Mini Cart,https://content.da.live/sayurihanki/usmccsmymcx/.da/library/blocks/commerce-mini-cart
Commerce Order Cost Summary,https://content.da.live/sayurihanki/usmccsmymcx/.da/library/blocks/commerce-order-cost-summary
Commerce Order Header,https://content.da.live/sayurihanki/usmccsmymcx/.da/library/blocks/commerce-order-header
Commerce Order Product List,https://content.da.live/sayurihanki/usmccsmymcx/.da/library/blocks/commerce-order-product-list
Commerce Order Returns,https://content.da.live/sayurihanki/usmccsmymcx/.da/library/blocks/commerce-order-returns
Commerce Order Status,https://content.da.live/sayurihanki/usmccsmymcx/.da/library/blocks/commerce-order-status
Commerce Orders List,https://content.da.live/sayurihanki/usmccsmymcx/.da/library/blocks/commerce-orders-list
Commerce Return Header,https://content.da.live/sayurihanki/usmccsmymcx/.da/library/blocks/commerce-return-header
Commerce Returns List,https://content.da.live/sayurihanki/usmccsmymcx/.da/library/blocks/commerce-returns-list
Commerce Search Order,https://content.da.live/sayurihanki/usmccsmymcx/.da/library/blocks/commerce-search-order
Commerce Shipping Status,https://content.da.live/sayurihanki/usmccsmymcx/.da/library/blocks/commerce-shipping-status
Commerce Wishlist,https://content.da.live/sayurihanki/usmccsmymcx/.da/library/blocks/commerce-wishlist
Embed,https://content.da.live/sayurihanki/usmccsmymcx/.da/library/blocks/embed
Form,https://content.da.live/sayurihanki/usmccsmymcx/.da/library/blocks/form
Form 2,https://content.da.live/sayurihanki/usmccsmymcx/.da/library/blocks/form-2
Form 3,https://content.da.live/sayurihanki/usmccsmymcx/.da/library/blocks/form-3
Form 4,https://content.da.live/sayurihanki/usmccsmymcx/.da/library/blocks/form-4
Form MCCS Preferences,https://content.da.live/sayurihanki/usmccsmymcx/.da/library/blocks/form-mccs-preferences
Promo Popup,https://content.da.live/sayurihanki/usmccsmymcx/.da/library/blocks/promo-popup
Hero,https://content.da.live/sayurihanki/usmccsmymcx/.da/library/blocks/hero
Hero 3,https://content.da.live/sayurihanki/usmccsmymcx/.da/library/blocks/hero-3
VIP Hero Block,https://content.da.live/sayurihanki/usmccsmymcx/.da/library/blocks/vip-hero-block
Product Details,https://content.da.live/sayurihanki/usmccsmymcx/.da/library/blocks/product-details
Product List Page,https://content.da.live/sayurihanki/usmccsmymcx/.da/library/blocks/product-list-page
Product Recommendations,https://content.da.live/sayurihanki/usmccsmymcx/.da/library/blocks/product-recommendations
Product Teaser,https://content.da.live/sayurihanki/usmccsmymcx/.da/library/blocks/product-teaser
Quote,https://content.da.live/sayurihanki/usmccsmymcx/.da/library/blocks/quote
Search,https://content.da.live/sayurihanki/usmccsmymcx/.da/library/blocks/search
Table,https://content.da.live/sayurihanki/usmccsmymcx/.da/library/blocks/table
Tabs,https://content.da.live/sayurihanki/usmccsmymcx/.da/library/blocks/tabs
Video,https://content.da.live/sayurihanki/usmccsmymcx/.da/library/blocks/video
